,mean_fit_time,std_fit_time,mean_score_time,std_score_time,param_n_estimators,param_min_samples_split,param_min_samples_leaf,param_max_depth,param_bootstrap,params,split0_test_score,split1_test_score,split2_test_score,split3_test_score,split4_test_score,mean_test_score,std_test_score,rank_test_score,split0_train_score,split1_train_score,split2_train_score,split3_train_score,split4_train_score,mean_train_score,std_train_score
0,1.3655560493469239,0.012521950292046394,0.10211853981018067,0.0013431029023945275,1447,13,18,3,False,"{'n_estimators': 1447, 'min_samples_split': 13, 'min_samples_leaf': 18, 'max_depth': 3, 'bootstrap': False}",0.6124031007751938,0.6072351421188631,0.5621761658031088,0.6036269430051814,0.572538860103627,0.5915960423611948,0.02025321220779814,96,0.6116504854368932,0.6194174757281553,0.6203104786545925,0.6060802069857697,0.6261319534282018,0.6167181200467224,0.007037868075316651
1,1.7387567520141602,0.0041175932520326995,0.1140977382659912,0.00978743022459576,1386,40,16,6,False,"{'n_estimators': 1386, 'min_samples_split': 40, 'min_samples_leaf': 16, 'max_depth': 6, 'bootstrap': False}",0.6459948320413437,0.6356589147286822,0.5958549222797928,0.6269430051813472,0.6010362694300518,0.6210975887322434,0.019522922805792764,60,0.6776699029126214,0.6822006472491909,0.6953428201811126,0.6921086675291074,0.7011642949547219,0.6896972665653508,0.008602751279974409
2,1.8508432388305665,0.007722933072061167,0.1434169292449951,0.009615556268101766,1959,36,8,3,False,"{'n_estimators': 1959, 'min_samples_split': 36, 'min_samples_leaf': 8, 'max_depth': 3, 'bootstrap': False}",0.6149870801033591,0.6020671834625323,0.5673575129533679,0.6010362694300518,0.572538860103627,0.5915973812105877,0.018420563640783174,95,0.6110032362459547,0.623948220064725,0.6203104786545925,0.6067270375161707,0.6261319534282018,0.6176241851819289,0.007512343208540241
3,0.29920010566711425,0.0014105707271715466,0.02134280204772949,0.0004885776558898482,311,17,2,3,True,"{'n_estimators': 311, 'min_samples_split': 17, 'min_samples_leaf': 2, 'max_depth': 3, 'bootstrap': True}",0.6020671834625323,0.6124031007751938,0.5595854922279793,0.6191709844559585,0.5777202072538861,0.59418939363511,0.022300415569867737,92,0.6090614886731391,0.6207119741100323,0.6222509702457956,0.6203104786545925,0.6241914618369987,0.6193052747041117,0.005300496908232565
4,1.229712152481079,0.012083738365768641,0.08656864166259766,0.0007463019234246369,1195,28,18,4,True,"{'n_estimators': 1195, 'min_samples_split': 28, 'min_samples_leaf': 18, 'max_depth': 4, 'bootstrap': True}",0.627906976744186,0.627906976744186,0.582901554404145,0.6217616580310881,0.5958549222797928,0.6112664176406796,0.018471849615525733,83,0.6355987055016181,0.6375404530744336,0.6410090556274256,0.6507115135834411,0.6494178525226391,0.6428555160619116,0.0061498222264881565
5,1.5488614559173584,0.004762617333283822,0.08836154937744141,0.0004867279736736782,1024,41,2,15,False,"{'n_estimators': 1024, 'min_samples_split': 41, 'min_samples_leaf': 2, 'max_depth': 15, 'bootstrap': False}",0.6537467700258398,0.6382428940568475,0.5906735751295337,0.6191709844559585,0.6036269430051814,0.6210922333346722,0.022779316321041704,64,0.7482200647249191,0.7449838187702266,0.7548512289780077,0.7548512289780077,0.7548512289780077,0.7515515140858338,0.004168873509999822
6,1.3910840988159179,0.014942239533724555,0.09494295120239257,0.0009776622453736056,1145,15,14,11,True,"{'n_estimators': 1145, 'min_samples_split': 15, 'min_samples_leaf': 14, 'max_depth': 11, 'bootstrap': True}",0.6356589147286822,0.6511627906976745,0.5932642487046632,0.6269430051813472,0.6139896373056994,0.6242037193236133,0.019632091237460993,33,0.6906148867313916,0.6983818770226538,0.6979301423027167,0.703751617076326,0.7134540750323415,0.7008265196330858,0.0075717115114787865
7,0.46296215057373047,0.003241174331695131,0.030518388748168944,0.0004885971129893826,371,32,4,8,True,"{'n_estimators': 371, 'min_samples_split': 32, 'min_samples_leaf': 4, 'max_depth': 8, 'bootstrap': True}",0.6459948320413437,0.6408268733850129,0.6036269430051814,0.6243523316062176,0.6191709844559585,0.6267943928987428,0.015273363258162318,6,0.7061488673139159,0.7029126213592233,0.7018111254851229,0.7115135834411385,0.7166882276843467,0.7078148850567494,0.005572602849635577
8,1.0709377765655517,0.007284474677780285,0.06662087440490723,0.0003985453747069485,843,33,14,6,False,"{'n_estimators': 843, 'min_samples_split': 33, 'min_samples_leaf': 14, 'max_depth': 6, 'bootstrap': False}",0.6459948320413437,0.6356589147286822,0.5984455958549223,0.6295336787564767,0.5958549222797928,0.6210975887322434,0.02026513037218342,60,0.6815533980582524,0.6815533980582524,0.6959896507115135,0.6972833117723156,0.6998706338939198,0.6912500784988508,0.008015343373115172
9,0.15099639892578126,0.0007980704356524074,0.011568975448608399,0.0004886750034333907,160,31,2,3,False,"{'n_estimators': 160, 'min_samples_split': 31, 'min_samples_leaf': 2, 'max_depth': 3, 'bootstrap': False}",0.6149870801033591,0.5968992248062015,0.5595854922279793,0.5958549222797928,0.5647668393782384,0.5864187117591142,0.020994571396325303,99,0.6122977346278318,0.6181229773462783,0.6261319534282018,0.6054333764553687,0.628072445019405,0.6180116973754171,0.008462069630997259
10,1.898922872543335,0.01119458829319328,0.12925448417663574,0.0014929989249980549,1698,31,8,5,True,"{'n_estimators': 1698, 'min_samples_split': 31, 'min_samples_leaf': 8, 'max_depth': 5, 'bootstrap': True}",0.6356589147286822,0.648578811369509,0.5984455958549223,0.6373056994818653,0.6010362694300518,0.6242050581730061,0.02048043040718555,32,0.6647249190938511,0.6692556634304208,0.6720569210866753,0.6746442432082794,0.6739974126778784,0.6709358318994211,0.003627143124473633
11,1.2223310947418213,0.004019829853638202,0.0839768409729004,0.0009769719120589096,1055,45,16,13,True,"{'n_estimators': 1055, 'min_samples_split': 45, 'min_samples_leaf': 16, 'max_depth': 13, 'bootstrap': True}",0.6408268733850129,0.6563307493540051,0.5932642487046632,0.6243523316062176,0.6036269430051814,0.623680229211016,0.02318526148863966,41,0.6789644012944984,0.6789644012944984,0.6798188874514877,0.6869340232858991,0.6888745148771022,0.6827112456406972,0.004295606120798415
12,0.39055571556091306,0.0010176728808440145,0.027127504348754883,0.0003989935313048969,311,17,10,10,True,"{'n_estimators': 311, 'min_samples_split': 17, 'min_samples_leaf': 10, 'max_depth': 10, 'bootstrap': True}",0.6511627906976745,0.6537467700258398,0.5932642487046632,0.6269430051813472,0.6088082901554405,0.6267850209529929,0.02352888247282621,10,0.7210355987055016,0.7100323624595469,0.722509702457956,0.7179818887451488,0.723156532988357,0.718943217071302,0.004799528976801007
13,0.936103630065918,0.009300690659723198,0.06023259162902832,0.0004810675694681892,673,12,4,12,True,"{'n_estimators': 673, 'min_samples_split': 12, 'min_samples_leaf': 4, 'max_depth': 12, 'bootstrap': True}",0.648578811369509,0.6382428940568475,0.5932642487046632,0.6450777202072538,0.6088082901554405,0.6267943928987428,0.021852595204758306,6,0.7766990291262136,0.7812297734627832,0.7897800776196636,0.7807244501940491,0.7846054333764554,0.782607752755833,0.0043770227830536084
14,1.716019058227539,0.006036630023100019,0.10791306495666504,0.0011656825616198528,1286,3,18,8,False,"{'n_estimators': 1286, 'min_samples_split': 3, 'min_samples_leaf': 18, 'max_depth': 8, 'bootstrap': False}",0.648578811369509,0.6356589147286822,0.5958549222797928,0.6243523316062176,0.6088082901554405,0.6226506540279284,0.018729667234979867,46,0.7022653721682848,0.7016181229773463,0.7153945666235446,0.7153945666235446,0.7212160413971539,0.7111777339579748,0.00783769515193838
15,1.0430114269256592,0.0029169272317284,0.0664224624633789,0.0007978677803066909,884,26,12,5,False,"{'n_estimators': 884, 'min_samples_split': 26, 'min_samples_leaf': 12, 'max_depth': 5, 'bootstrap': False}",0.627906976744186,0.6356589147286822,0.5932642487046632,0.6321243523316062,0.5932642487046632,0.6164437482427602,0.019084485704477416,80,0.6666666666666666,0.6666666666666666,0.6791720569210866,0.6785252263906857,0.6759379042690815,0.6733937041828375,0.00559823011502841
16,0.47672553062438966,0.0026762276158013173,0.031515645980834964,0.0004886555540883141,381,42,2,12,True,"{'n_estimators': 381, 'min_samples_split': 42, 'min_samples_leaf': 2, 'max_depth': 12, 'bootstrap': True}",0.6382428940568475,0.6459948320413437,0.5932642487046632,0.6295336787564767,0.6191709844559585,0.625241327603058,0.01831696260816299,17,0.7022653721682848,0.7048543689320388,0.702457956015524,0.7102199223803364,0.7121604139715395,0.7063916066935447,0.004069340422179516
17,2.516472911834717,0.02851951160750568,0.1771174430847168,0.01143611193100665,1959,10,4,7,True,"{'n_estimators': 1959, 'min_samples_split': 10, 'min_samples_leaf': 4, 'max_depth': 7, 'bootstrap': True}",0.6511627906976745,0.6408268733850129,0.5906735751295337,0.6347150259067358,0.6217616580310881,0.627827984630009,0.02087182830689084,3,0.7158576051779936,0.7119741100323624,0.723156532988357,0.7257438551099612,0.7341526520051747,0.7221769510627698,0.0077605656468575325
18,2.2765049934387207,0.006983288860673809,0.15418791770935059,0.001954977337133032,2000,2,2,5,True,"{'n_estimators': 2000, 'min_samples_split': 2, 'min_samples_leaf': 2, 'max_depth': 5, 'bootstrap': True}",0.6382428940568475,0.6382428940568475,0.5984455958549223,0.6373056994818653,0.6088082901554405,0.6242090747211846,0.017125178883427385,30,0.6776699029126214,0.6783171521035599,0.6811125485122898,0.6785252263906857,0.6804657179818887,0.6792181095802091,0.0013292239063409587
19,0.32353501319885253,0.0010170554682826748,0.021741867065429688,0.0007464166309289618,260,34,6,14,True,"{'n_estimators': 260, 'min_samples_split': 34, 'min_samples_leaf': 6, 'max_depth': 14, 'bootstrap': True}",0.6408268733850129,0.6408268733850129,0.6010362694300518,0.6295336787564767,0.6139896373056994,0.6252426664524507,0.015599539222751256,16,0.7126213592233009,0.7074433656957929,0.703104786545925,0.7095730918499353,0.7147477360931436,0.7094980678816196,0.004059936970981459
20,2.5838897705078123,0.033330198439633876,0.16895599365234376,0.013387909358008264,1909,25,20,12,False,"{'n_estimators': 1909, 'min_samples_split': 25, 'min_samples_leaf': 20, 'max_depth': 12, 'bootstrap': False}",0.648578811369509,0.6434108527131783,0.5906735751295337,0.6217616580310881,0.6088082901554405,0.6226466374797499,0.02153225505260625,48,0.7100323624595469,0.7016181229773463,0.7134540750323415,0.7095730918499353,0.7199223803363519,0.7109200065311045,0.005942917904567831
21,0.36740865707397463,0.017343198002393076,0.026927089691162108,0.003987860680695524,311,44,18,11,True,"{'n_estimators': 311, 'min_samples_split': 44, 'min_samples_leaf': 18, 'max_depth': 11, 'bootstrap': True}",0.6330749354005168,0.6537467700258398,0.5880829015544041,0.6217616580310881,0.6010362694300518,0.6195405068883801,0.023195561828248182,72,0.6789644012944984,0.6718446601941748,0.6785252263906857,0.684346701164295,0.6875808538163001,0.6802523685719908,0.005400031395116057
22,1.7999874591827392,0.005829158389475068,0.10990614891052246,0.0007463656570697221,1316,43,12,9,False,"{'n_estimators': 1316, 'min_samples_split': 43, 'min_samples_leaf': 12, 'max_depth': 9, 'bootstrap': False}",0.6537467700258398,0.6408268733850129,0.5854922279792746,0.6269430051813472,0.6010362694300518,0.6216090292003053,0.025132739585040316,57,0.7106796116504854,0.7055016181229773,0.720569210866753,0.7147477360931436,0.723156532988357,0.7149309419443434,0.006426039928981726
23,0.5878313541412353,0.09651403079210424,0.03389863967895508,0.006056753211264516,351,24,14,9,False,"{'n_estimators': 351, 'min_samples_split': 24, 'min_samples_leaf': 14, 'max_depth': 9, 'bootstrap': False}",0.6537467700258398,0.6382428940568475,0.5958549222797928,0.6269430051813472,0.6062176165803109,0.6242010416248276,0.020997848027209803,35,0.7268608414239482,0.7184466019417476,0.7367399741267788,0.7263906856403622,0.7393272962483829,0.729553079876244,0.007586692190333971
24,0.9223340034484864,0.017313497394217312,0.051462554931640626,0.0004885387300577005,592,31,2,10,False,"{'n_estimators': 592, 'min_samples_split': 31, 'min_samples_leaf': 2, 'max_depth': 10, 'bootstrap': False}",0.6563307493540051,0.6304909560723514,0.6062176165803109,0.6139896373056994,0.6010362694300518,0.6216130457484838,0.020013373301749963,54,0.7598705501618123,0.7559870550161812,0.7755498059508409,0.7684346701164295,0.7684346701164295,0.7656553502723387,0.006932378181321929
25,1.0757241249084473,0.0023262051998007636,0.0767946720123291,0.0020921235799109456,1044,8,12,4,True,"{'n_estimators': 1044, 'min_samples_split': 8, 'min_samples_leaf': 12, 'max_depth': 4, 'bootstrap': True}",0.6304909560723514,0.6201550387596899,0.5803108808290155,0.6217616580310881,0.5880829015544041,0.6081602870493097,0.020031080726352596,85,0.6478964401294498,0.6381877022653721,0.648124191461837,0.648771021992238,0.6474773609314359,0.6460913433560667,0.00397391772902542
26,2.0182040214538572,0.06469731271114104,0.13125038146972656,0.004747205545193131,1648,18,20,5,False,"{'n_estimators': 1648, 'min_samples_split': 18, 'min_samples_leaf': 20, 'max_depth': 5, 'bootstrap': False}",0.6382428940568475,0.6253229974160207,0.5803108808290155,0.6243523316062176,0.6036269430051814,0.6143712093826565,0.020322239208933286,82,0.6627831715210356,0.6627831715210356,0.6701164294954722,0.6714100905562742,0.6733505821474773,0.668088689048259,0.004452594541380588
27,0.8160187721252441,0.02688294098217533,0.051871299743652344,0.002273169781526738,592,27,18,8,False,"{'n_estimators': 592, 'min_samples_split': 27, 'min_samples_leaf': 18, 'max_depth': 8, 'bootstrap': False}",0.6563307493540051,0.6382428940568475,0.5880829015544041,0.6269430051813472,0.6139896373056994,0.6247178374904607,0.02299768481005007,28,0.7029126213592233,0.7009708737864078,0.7134540750323415,0.7147477360931436,0.7160413971539457,0.7096253406850124,0.006356482047140024
28,1.3232594013214112,0.04567291555451625,0.08596558570861816,0.0031006341231689283,974,27,4,9,True,"{'n_estimators': 974, 'min_samples_split': 27, 'min_samples_leaf': 4, 'max_depth': 9, 'bootstrap': True}",0.6511627906976745,0.6330749354005168,0.5958549222797928,0.6321243523316062,0.6191709844559585,0.6262775970331098,0.018306852823968673,11,0.7190938511326861,0.7158576051779936,0.7153945666235446,0.7199223803363519,0.7296248382923674,0.7199786483125887,0.0051348186863747845
29,2.870719814300537,0.035065277332166564,0.16934514045715332,0.0020334723714451886,1899,30,12,10,False,"{'n_estimators': 1899, 'min_samples_split': 30, 'min_samples_leaf': 12, 'max_depth': 10, 'bootstrap': False}",0.6640826873385013,0.6356589147286822,0.5932642487046632,0.6295336787564767,0.6036269430051814,0.625233294506701,0.02500126596717953,24,0.7300970873786408,0.7262135922330097,0.7496765847347995,0.7335058214747736,0.7432082794307892,0.7365402730504026,0.008653182864454462
30,2.041938304901123,0.03360256383245513,0.14860315322875978,0.013829118714894966,1638,47,18,13,True,"{'n_estimators': 1638, 'min_samples_split': 47, 'min_samples_leaf': 18, 'max_depth': 13, 'bootstrap': True}",0.6356589147286822,0.648578811369509,0.5906735751295337,0.6243523316062176,0.6036269430051814,0.6205781151678248,0.021011130219419125,65,0.6705501618122978,0.6718446601941748,0.6733505821474773,0.6811125485122898,0.6830530401034929,0.6759821985539466,0.005096448619693249
31,1.838284969329834,0.05413624973728737,0.11190667152404785,0.009101495824384105,1175,5,10,15,False,"{'n_estimators': 1175, 'min_samples_split': 5, 'min_samples_leaf': 10, 'max_depth': 15, 'bootstrap': False}",0.6589147286821705,0.627906976744186,0.6036269430051814,0.6321243523316062,0.6062176165803109,0.625758123468691,0.020080475431525097,13,0.7585760517799353,0.7624595469255664,0.7761966364812419,0.7684346701164295,0.7690815006468306,0.7669496811900007,0.006042102343987709
32,1.9982574939727784,0.08704471042569366,0.12687740325927735,0.004071750604951728,1638,9,10,5,False,"{'n_estimators': 1638, 'min_samples_split': 9, 'min_samples_leaf': 10, 'max_depth': 5, 'bootstrap': False}",0.6356589147286822,0.6253229974160207,0.5880829015544041,0.6373056994818653,0.5880829015544041,0.6148906829470753,0.02227060793585536,81,0.6718446601941748,0.6744336569579288,0.6791720569210866,0.6791720569210866,0.6798188874514877,0.6768882636891529,0.0031775150387792044
33,1.215350866317749,0.11084980686057157,0.07200722694396973,0.00469416039895528,783,16,12,15,False,"{'n_estimators': 783, 'min_samples_split': 16, 'min_samples_leaf': 12, 'max_depth': 15, 'bootstrap': False}",0.6589147286821705,0.6330749354005168,0.5880829015544041,0.6269430051813472,0.6113989637305699,0.6236829069098018,0.023487764247136975,40,0.7430420711974111,0.7475728155339806,0.7606727037516171,0.7509702457956016,0.7567917205692108,0.7518099113695642,0.006307147570645537
34,2.2197271823883056,0.6469919511866477,0.1333911418914795,0.03286190196643338,1416,8,12,6,True,"{'n_estimators': 1416, 'min_samples_split': 8, 'min_samples_leaf': 12, 'max_depth': 6, 'bootstrap': True}",0.6408268733850129,0.6434108527131783,0.5958549222797928,0.6269430051813472,0.6062176165803109,0.6226506540279284,0.01880340946565278,46,0.6783171521035599,0.6776699029126214,0.6824062095730918,0.6869340232858991,0.6914618369987063,0.6833578249747758,0.005236995655850187
35,2.0557074546813965,0.09608593393667042,0.12386341094970703,0.012997922553911263,1276,20,10,14,False,"{'n_estimators': 1276, 'min_samples_split': 20, 'min_samples_leaf': 10, 'max_depth': 14, 'bootstrap': False}",0.6563307493540051,0.6330749354005168,0.6010362694300518,0.6269430051813472,0.6036269430051814,0.6242023804742204,0.02038863737248797,34,0.7611650485436893,0.7656957928802589,0.7755498059508409,0.7658473479948253,0.7645536869340233,0.7665623364607275,0.004800043831039035
36,1.5376935482025147,0.028483465630186566,0.1013247013092041,0.0023970532260679084,1225,39,6,15,True,"{'n_estimators': 1225, 'min_samples_split': 39, 'min_samples_leaf': 6, 'max_depth': 15, 'bootstrap': True}",0.6511627906976745,0.6408268733850129,0.5906735751295337,0.6321243523316062,0.6113989637305699,0.6252373110548795,0.021673707498656967,19,0.7009708737864078,0.7022653721682848,0.6985769728331177,0.7069857697283312,0.7147477360931436,0.704709344921857,0.005718506166698333
37,1.0133077144622802,0.010130108350212134,0.06841869354248047,0.0010167947742243393,904,32,10,5,True,"{'n_estimators': 904, 'min_samples_split': 32, 'min_samples_leaf': 10, 'max_depth': 5, 'bootstrap': True}",0.6356589147286822,0.6408268733850129,0.6036269430051814,0.6321243523316062,0.5984455958549223,0.622136535861081,0.017526012615041216,51,0.6614886731391586,0.6614886731391586,0.6688227684346701,0.6707632600258733,0.6733505821474773,0.6671827913772677,0.004866146082818936
38,1.1465209484100343,0.029896397408548648,0.08158307075500489,0.001716102082761707,1145,16,18,3,False,"{'n_estimators': 1145, 'min_samples_split': 16, 'min_samples_leaf': 18, 'max_depth': 3, 'bootstrap': False}",0.6201550387596899,0.6020671834625323,0.5595854922279793,0.6010362694300518,0.582901554404145,0.5931491076568797,0.020506527448439643,94,0.6116504854368932,0.6226537216828479,0.6209573091849935,0.6073738680465718,0.6235446313065977,0.6172360031315808,0.006503203808080459
39,2.2842864036560058,0.07922464842554146,0.15538411140441893,0.002777618908864545,1989,24,12,5,True,"{'n_estimators': 1989, 'min_samples_split': 24, 'min_samples_leaf': 12, 'max_depth': 5, 'bootstrap': True}",0.6382428940568475,0.6434108527131783,0.6010362694300518,0.6269430051813472,0.6036269430051814,0.6226519928773212,0.017444834597404802,45,0.6647249190938511,0.6640776699029126,0.6720569210866753,0.6739974126778784,0.6739974126778784,0.6697708670878393,0.0044458408311463865
40,1.6804986476898194,0.032001672278565575,0.12127585411071777,0.01167498502609397,1416,28,18,12,True,"{'n_estimators': 1416, 'min_samples_split': 28, 'min_samples_leaf': 18, 'max_depth': 12, 'bootstrap': True}",0.6356589147286822,0.6511627906976745,0.5803108808290155,0.6217616580310881,0.6088082901554405,0.6195405068883801,0.024161330483982016,72,0.6757281553398058,0.6815533980582524,0.6830530401034929,0.6914618369987063,0.6953428201811126,0.6854278501362739,0.007063296810801151
41,1.3266529083251952,0.10624013503741765,0.08099160194396973,0.005774902961525753,884,36,14,11,False,"{'n_estimators': 884, 'min_samples_split': 36, 'min_samples_leaf': 14, 'max_depth': 11, 'bootstrap': False}",0.6511627906976745,0.6356589147286822,0.5880829015544041,0.6295336787564767,0.6036269430051814,0.6216130457484838,0.022719950487564144,54,0.7184466019417476,0.7184466019417476,0.7328589909443726,0.7276843467011643,0.7270375161707633,0.7248948115399589,0.0056384334203941405
42,0.9598312854766846,0.11423880877532726,0.054252243041992186,0.007787058168652955,562,42,6,11,False,"{'n_estimators': 562, 'min_samples_split': 42, 'min_samples_leaf': 6, 'max_depth': 11, 'bootstrap': False}",0.6434108527131783,0.6356589147286822,0.5958549222797928,0.616580310880829,0.6036269430051814,0.6190263887215327,0.018172980425745687,74,0.7262135922330097,0.7262135922330097,0.7445019404915912,0.7347994825355757,0.7438551099611902,0.7351167434908754,0.008038331051485686
43,0.4007606506347656,0.06655448682831226,0.027120065689086915,0.0011576701333917017,371,21,6,3,True,"{'n_estimators': 371, 'min_samples_split': 21, 'min_samples_leaf': 6, 'max_depth': 3, 'bootstrap': True}",0.6046511627906976,0.6072351421188631,0.5569948186528497,0.6191709844559585,0.5777202072538861,0.593154463054451,0.022596615449854487,93,0.6194174757281553,0.6258899676375405,0.6261319534282018,0.6073738680465718,0.6216041397153945,0.6200834809111727,0.006849664709508547
44,2.299638843536377,0.16640266971348638,0.1597827911376953,0.009213008182102628,1869,10,16,7,True,"{'n_estimators': 1869, 'min_samples_split': 10, 'min_samples_leaf': 16, 'max_depth': 7, 'bootstrap': True}",0.6459948320413437,0.648578811369509,0.582901554404145,0.6269430051813472,0.6088082901554405,0.622645298630357,0.024524461599612885,49,0.6776699029126214,0.6802588996763754,0.6824062095730918,0.6895213454075032,0.6959896507115135,0.6851692016562211,0.006693398918643201
45,0.3699989318847656,0.00633257620053643,0.026135015487670898,0.001465238099611417,301,31,10,8,True,"{'n_estimators': 301, 'min_samples_split': 31, 'min_samples_leaf': 10, 'max_depth': 8, 'bootstrap': True}",0.6459948320413437,0.6408268733850129,0.5984455958549223,0.6347150259067358,0.6062176165803109,0.625239988753665,0.019200421637937587,18,0.6932038834951456,0.6970873786407767,0.7018111254851229,0.6992238033635187,0.7141009055627425,0.7010854193094612,0.0070922222437502635
46,0.5918055057525635,0.01733130730085446,0.034314727783203124,0.0010092169134716692,391,44,2,15,False,"{'n_estimators': 391, 'min_samples_split': 44, 'min_samples_leaf': 2, 'max_depth': 15, 'bootstrap': False}",0.6537467700258398,0.648578811369509,0.5958549222797928,0.6217616580310881,0.5932642487046632,0.6226412820821785,0.025383458021877782,50,0.7423948220064724,0.7378640776699029,0.7496765847347995,0.7451487710219923,0.7509702457956016,0.7452109002457536,0.004796297692376606
47,0.17453179359436036,0.0006312011923834331,0.012160158157348633,0.0004028816197138433,140,21,10,13,True,"{'n_estimators': 140, 'min_samples_split': 21, 'min_samples_leaf': 10, 'max_depth': 13, 'bootstrap': True}",0.6459948320413437,0.648578811369509,0.5932642487046632,0.6347150259067358,0.6113989637305699,0.6267903763505643,0.021294336838277868,9,0.7126213592233009,0.7158576051779936,0.7238033635187581,0.723156532988357,0.7263906856403622,0.7203659093097543,0.005219280869515746
48,1.5055662155151368,0.003144998975824485,0.11231465339660644,0.00101563669000114,1597,26,18,3,True,"{'n_estimators': 1597, 'min_samples_split': 26, 'min_samples_leaf': 18, 'max_depth': 3, 'bootstrap': True}",0.6020671834625323,0.6020671834625323,0.572538860103627,0.6113989637305699,0.582901554404145,0.5941947490326813,0.014257974760120671,91,0.6116504854368932,0.623948220064725,0.6235446313065977,0.6047865459249676,0.6209573091849935,0.6169774383836353,0.007543917793347575
49,1.033031129837036,0.01129363867697905,0.07739434242248536,0.0007958915076299668,1105,31,20,3,False,"{'n_estimators': 1105, 'min_samples_split': 31, 'min_samples_leaf': 20, 'max_depth': 3, 'bootstrap': False}",0.5968992248062015,0.6046511627906976,0.5647668393782384,0.6036269430051814,0.5673575129533679,0.5874603365867375,0.01769234078956028,98,0.6058252427184466,0.6200647249190938,0.6209573091849935,0.6047865459249676,0.6261319534282018,0.6155531552351406,0.008625801645142863
50,0.5315765380859375,0.002270664790005514,0.0343137264251709,0.0004841142738430033,371,11,2,13,True,"{'n_estimators': 371, 'min_samples_split': 11, 'min_samples_leaf': 2, 'max_depth': 13, 'bootstrap': True}",0.648578811369509,0.6304909560723514,0.6010362694300518,0.6321243523316062,0.6113989637305699,0.6247258705868177,0.016707723819167027,25,0.8142394822006472,0.8181229773462784,0.8260025873221216,0.8098318240620958,0.8130659767141009,0.8162525695290487,0.005549669162741811
51,1.5763833045959472,0.056879557656476114,0.10352272987365722,0.0007458310489064031,1366,30,4,5,True,"{'n_estimators': 1366, 'min_samples_split': 30, 'min_samples_leaf': 4, 'max_depth': 5, 'bootstrap': True}",0.6459948320413437,0.6330749354005168,0.5932642487046632,0.6398963730569949,0.6088082901554405,0.6242077358717918,0.01997038031758816,31,0.6686084142394823,0.6699029126213593,0.6720569210866753,0.6746442432082794,0.6759379042690815,0.6722300790849756,0.002761821851784641
52,0.12425718307495118,0.005406786069722831,0.008586740493774414,0.0004935541145205355,110,3,18,4,False,"{'n_estimators': 110, 'min_samples_split': 3, 'min_samples_leaf': 18, 'max_depth': 4, 'bootstrap': False}",0.6201550387596899,0.6227390180878553,0.5751295336787565,0.6139896373056994,0.5803108808290155,0.6024648217322033,0.020468626045033193,87,0.629126213592233,0.6453074433656958,0.6429495472186287,0.6435963777490298,0.6455368693402329,0.6413032902531641,0.006167755544787642
53,0.8076396942138672,0.03312550806481025,0.058043909072875974,0.006364014645099048,683,26,20,8,True,"{'n_estimators': 683, 'min_samples_split': 26, 'min_samples_leaf': 20, 'max_depth': 8, 'bootstrap': True}",0.648578811369509,0.6511627906976745,0.5803108808290155,0.6243523316062176,0.6113989637305699,0.6231607556465973,0.026100049417427176,44,0.6705501618122978,0.6724919093851133,0.6804657179818887,0.685640362225097,0.6888745148771022,0.6796045332562999,0.007150894913241353
54,0.43383307456970216,0.01084243861382132,0.029922676086425782,0.0010839126022213965,361,46,8,8,True,"{'n_estimators': 361, 'min_samples_split': 46, 'min_samples_leaf': 8, 'max_depth': 8, 'bootstrap': True}",0.6511627906976745,0.6408268733850129,0.6010362694300518,0.6269430051813472,0.6010362694300518,0.6242010416248276,0.020416101001915807,35,0.6776699029126214,0.6828478964401294,0.6869340232858991,0.6901681759379042,0.6959896507115135,0.6867219298576136,0.006241146885416186
55,1.0212632179260255,0.002937622230934196,0.07101187705993653,0.0013204963322402297,934,31,14,5,True,"{'n_estimators': 934, 'min_samples_split': 31, 'min_samples_leaf': 14, 'max_depth': 5, 'bootstrap': True}",0.6434108527131783,0.6511627906976745,0.6036269430051814,0.6295336787564767,0.6088082901554405,0.6273085110655903,0.018635118857029075,4,0.6595469255663431,0.6634304207119741,0.6694695989650712,0.6714100905562742,0.6694695989650712,0.6666653269529468,0.004458181722992335
56,1.1902388095855714,0.013828901472980704,0.08418269157409668,0.0010248917227379196,1155,2,6,4,True,"{'n_estimators': 1155, 'min_samples_split': 2, 'min_samples_leaf': 6, 'max_depth': 4, 'bootstrap': True}",0.6330749354005168,0.6227390180878553,0.5803108808290155,0.6295336787564767,0.5777202072538861,0.60867574406555,0.024457965489072548,84,0.6478964401294498,0.6440129449838188,0.6532988357050453,0.6513583441138422,0.6500646830530401,0.6493262495970393,0.003185331803946431
57,0.6554453372955322,0.0009754824533214681,0.04568033218383789,0.0007454155621176974,562,8,16,12,True,"{'n_estimators': 562, 'min_samples_split': 8, 'min_samples_leaf': 16, 'max_depth': 12, 'bootstrap': True}",0.6356589147286822,0.6511627906976745,0.5932642487046632,0.6321243523316062,0.6062176165803109,0.6236855846085874,0.020976929587173967,39,0.6880258899676376,0.6880258899676376,0.6862871927554981,0.6940491591203105,0.703751617076326,0.6920279497774819,0.006426801984970814
58,1.8211230278015136,0.02357871514714825,0.1126974105834961,0.004219061576539197,1306,39,14,11,False,"{'n_estimators': 1306, 'min_samples_split': 39, 'min_samples_leaf': 14, 'max_depth': 11, 'bootstrap': False}",0.6537467700258398,0.6408268733850129,0.5984455958549223,0.6295336787564767,0.6036269430051814,0.6252359722054865,0.021255994361712428,22,0.7152103559870551,0.7119741100323624,0.7302716688227684,0.7218628719275549,0.7289780077619664,0.7216594029063415,0.007254923915693753
59,1.9767024040222168,0.01083761452605107,0.1196897029876709,0.000627924003492384,1396,31,12,10,False,"{'n_estimators': 1396, 'min_samples_split': 31, 'min_samples_leaf': 12, 'max_depth': 10, 'bootstrap': False}",0.6589147286821705,0.6356589147286822,0.6010362694300518,0.6295336787564767,0.6010362694300518,0.6252359722054865,0.022057279429226122,22,0.7281553398058253,0.7242718446601941,0.7399741267787839,0.7322121604139715,0.7399741267787839,0.7329175196875118,0.006285141094509786
60,2.307021379470825,0.010958776901115037,0.15937304496765137,0.0007467362615221637,1979,48,12,15,True,"{'n_estimators': 1979, 'min_samples_split': 48, 'min_samples_leaf': 12, 'max_depth': 15, 'bootstrap': True}",0.6434108527131783,0.6434108527131783,0.5906735751295337,0.6269430051813472,0.6036269430051814,0.6216130457484838,0.021257694976500385,54,0.6822006472491909,0.6763754045307443,0.6836998706338939,0.685640362225097,0.6921086675291074,0.6840049904336067,0.0050971238327712975
61,0.12246441841125488,0.0014655741051150032,0.008186244964599609,0.00039868401848005956,100,32,8,9,True,"{'n_estimators': 100, 'min_samples_split': 32, 'min_samples_leaf': 8, 'max_depth': 9, 'bootstrap': True}",0.6304909560723514,0.6434108527131783,0.5958549222797928,0.6269430051813472,0.6088082901554405,0.6211016052804219,0.01678395055646161,58,0.6964401294498382,0.6951456310679611,0.7063389391979301,0.702457956015524,0.7121604139715395,0.7025086139405586,0.006306682526288245
62,2.239799737930298,0.014586224948630168,0.13205347061157227,0.00978064517183515,1477,15,2,8,False,"{'n_estimators': 1477, 'min_samples_split': 15, 'min_samples_leaf': 2, 'max_depth': 8, 'bootstrap': False}",0.6563307493540051,0.6330749354005168,0.5984455958549223,0.6113989637305699,0.5932642487046632,0.6185028986089354,0.023379654752622398,77,0.7631067961165049,0.7715210355987056,0.779430789133247,0.7833117723156533,0.7723156532988357,0.7739372092925894,0.00698322332542325
63,0.9943260192871094,0.004138732166825813,0.05984659194946289,0.0008927754176917951,673,22,10,14,False,"{'n_estimators': 673, 'min_samples_split': 22, 'min_samples_leaf': 10, 'max_depth': 14, 'bootstrap': False}",0.6589147286821705,0.6201550387596899,0.5932642487046632,0.6269430051813472,0.6062176165803109,0.6210989275816363,0.02218694096660096,59,0.7553398058252427,0.7611650485436893,0.7749029754204398,0.7639068564036222,0.7606727037516171,0.7631974779889222,0.006477193127977286
64,0.6831785202026367,0.0037287382209862238,0.043097496032714844,0.00041164402104033686,502,12,16,9,False,"{'n_estimators': 502, 'min_samples_split': 12, 'min_samples_leaf': 16, 'max_depth': 9, 'bootstrap': False}",0.6459948320413437,0.6330749354005168,0.5906735751295337,0.6295336787564767,0.6088082901554405,0.6216170622966622,0.019543773288638686,52,0.7177993527508091,0.7132686084142394,0.7263906856403622,0.722509702457956,0.7309184993531694,0.7221773697233071,0.006209716321103698
65,2.3042335987091063,0.01277665067650978,0.15378966331481933,0.0003998775457113482,1758,17,6,11,True,"{'n_estimators': 1758, 'min_samples_split': 17, 'min_samples_leaf': 6, 'max_depth': 11, 'bootstrap': True}",0.6511627906976745,0.6330749354005168,0.5880829015544041,0.6424870466321243,0.616580310880829,0.6262775970331098,0.02227597382983371,11,0.7352750809061489,0.7436893203883496,0.7529107373868047,0.740620957309185,0.7503234152652005,0.7445639022511378,0.0064099228883079725
66,2.23561315536499,0.006697143108485396,0.1501905918121338,0.000785452920612315,1768,27,6,14,True,"{'n_estimators': 1768, 'min_samples_split': 27, 'min_samples_leaf': 6, 'max_depth': 14, 'bootstrap': True}",0.648578811369509,0.6382428940568475,0.5932642487046632,0.6321243523316062,0.6269430051813472,0.6278306623287946,0.018724107017748886,2,0.7184466019417476,0.7165048543689321,0.7179818887451488,0.7212160413971539,0.7283311772315654,0.7204961127369095,0.004203771950318871
67,0.5571054458618164,0.0015137452674481458,0.04190363883972168,1.2371696058397414e-05,602,6,18,3,False,"{'n_estimators': 602, 'min_samples_split': 6, 'min_samples_leaf': 18, 'max_depth': 3, 'bootstrap': False}",0.5968992248062015,0.6020671834625323,0.5621761658031088,0.5958549222797928,0.5699481865284974,0.5853891365760265,0.016108612602497307,100,0.6097087378640776,0.625242718446602,0.6196636481241915,0.6073738680465718,0.6228978007761966,0.6169773546515278,0.007150438288324373
68,1.483834981918335,0.005641216598141535,0.10852956771850586,0.010355885414625279,1215,3,12,14,True,"{'n_estimators': 1215, 'min_samples_split': 3, 'min_samples_leaf': 12, 'max_depth': 14, 'bootstrap': True}",0.6356589147286822,0.6511627906976745,0.5932642487046632,0.6295336787564767,0.6139896373056994,0.6247218540386392,0.01973148496394013,27,0.7113268608414239,0.7048543689320388,0.7056921086675291,0.7095730918499353,0.722509702457956,0.7107912265497767,0.006329940211443935
69,3.120045804977417,0.017053266053160123,0.18571314811706544,0.010891657492791071,1909,4,6,15,False,"{'n_estimators': 1909, 'min_samples_split': 4, 'min_samples_leaf': 6, 'max_depth': 15, 'bootstrap': False}",0.6459948320413437,0.6227390180878553,0.5958549222797928,0.6295336787564767,0.6036269430051814,0.6195498788341299,0.018023169930539786,70,0.83042071197411,0.8388349514563107,0.8395860284605433,0.8285899094437258,0.8292367399741267,0.8333336682617632,0.00484003116298691
70,1.771864128112793,0.003196021360256699,0.10950584411621093,0.010160649078556478,1256,19,2,7,False,"{'n_estimators': 1256, 'min_samples_split': 19, 'min_samples_leaf': 2, 'max_depth': 7, 'bootstrap': False}",0.6511627906976745,0.627906976744186,0.5984455958549223,0.6269430051813472,0.5932642487046632,0.6195445234365586,0.021261234992937746,71,0.7268608414239482,0.7255663430420712,0.740620957309185,0.7425614489003881,0.7425614489003881,0.7356342079151962,0.007735306943432156
71,0.9853611469268799,0.003340171862871358,0.05865216255187988,0.0007464185957274612,673,25,10,13,False,"{'n_estimators': 673, 'min_samples_split': 25, 'min_samples_leaf': 10, 'max_depth': 13, 'bootstrap': False}",0.6537467700258398,0.6330749354005168,0.5984455958549223,0.6321243523316062,0.6113989637305699,0.625758123468691,0.01912897580070338,13,0.7462783171521036,0.7540453074433657,0.7626131953428201,0.7529107373868047,0.7600258732212161,0.7551746861092621,0.005734313849515189
72,2.173602247238159,0.10278143018052242,0.14879674911499025,0.01218883593269274,1748,31,6,6,True,"{'n_estimators': 1748, 'min_samples_split': 31, 'min_samples_leaf': 6, 'max_depth': 6, 'bootstrap': True}",0.648578811369509,0.6408268733850129,0.6010362694300518,0.6295336787564767,0.6139896373056994,0.6267930540493499,0.017357521511902015,8,0.6796116504854369,0.6841423948220064,0.6824062095730918,0.6869340232858991,0.6908150064683053,0.6847818569269479,0.0038422483055201785
73,1.555878210067749,0.023375902636408916,0.09753508567810058,0.0019330860442454275,1135,18,16,8,False,"{'n_estimators': 1135, 'min_samples_split': 18, 'min_samples_leaf': 16, 'max_depth': 8, 'bootstrap': False}",0.648578811369509,0.6356589147286822,0.5932642487046632,0.6217616580310881,0.6062176165803109,0.6210962498828507,0.019818169339360217,63,0.7100323624595469,0.7080906148867314,0.7199223803363519,0.7160413971539457,0.7263906856403622,0.7160954880953876,0.006655503138104598
74,1.0627530574798585,0.20903155067147555,0.060630178451538085,0.003538292769984696,632,24,10,10,False,"{'n_estimators': 632, 'min_samples_split': 24, 'min_samples_leaf': 10, 'max_depth': 10, 'bootstrap': False}",0.6589147286821705,0.6382428940568475,0.5932642487046632,0.6243523316062176,0.6088082901554405,0.6247164986410678,0.022781264459207373,29,0.7449838187702266,0.7482200647249191,0.7606727037516171,0.7535575679172057,0.7574385510996119,0.7529745412527161,0.005761695977916757
75,2.775973415374756,0.07183042583934571,0.17671723365783693,0.01764517547917589,1919,41,12,14,False,"{'n_estimators': 1919, 'min_samples_split': 41, 'min_samples_leaf': 12, 'max_depth': 14, 'bootstrap': False}",0.648578811369509,0.6330749354005168,0.5958549222797928,0.6295336787564767,0.5984455958549223,0.6210975887322434,0.020591974342892977,60,0.7177993527508091,0.7158576051779936,0.7296248382923674,0.723156532988357,0.7270375161707633,0.722695169076058,0.005249960913161556
76,1.9910807609558105,0.07125735656637759,0.14061956405639647,0.009492595013223727,1638,15,16,13,True,"{'n_estimators': 1638, 'min_samples_split': 15, 'min_samples_leaf': 16, 'max_depth': 13, 'bootstrap': True}",0.6382428940568475,0.6563307493540051,0.5880829015544041,0.6217616580310881,0.6113989637305699,0.6231634333453829,0.02323132547510758,42,0.6893203883495146,0.6893203883495146,0.6927554980595084,0.6966364812419146,0.7095730918499353,0.6955211695700776,0.007526602876191167
77,1.2187344551086425,0.008511146121282806,0.08079037666320801,0.0006324895506898999,994,42,6,9,True,"{'n_estimators': 994, 'min_samples_split': 42, 'min_samples_leaf': 6, 'max_depth': 9, 'bootstrap': True}",0.6459948320413437,0.6382428940568475,0.5984455958549223,0.6295336787564767,0.6113989637305699,0.624723192888032,0.017472566581520525,26,0.6964401294498382,0.6951456310679611,0.6972833117723156,0.6985769728331177,0.703751617076326,0.6982395324399118,0.002973932677218603
78,0.618144941329956,0.0029195010655690182,0.03473153114318848,0.001172979193284934,361,9,2,10,False,"{'n_estimators': 361, 'min_samples_split': 9, 'min_samples_leaf': 2, 'max_depth': 10, 'bootstrap': False}",0.6356589147286822,0.6149870801033591,0.5777202072538861,0.6088082901554405,0.5854922279792746,0.6045333440441285,0.020870387240381136,86,0.8699029126213592,0.8718446601941747,0.8706338939197931,0.8654592496765847,0.8583441138421734,0.867236966050817,0.004942071049564888
79,1.044003963470459,0.007659147981569392,0.07299346923828125,0.0004079057308996921,904,44,18,10,True,"{'n_estimators': 904, 'min_samples_split': 44, 'min_samples_leaf': 18, 'max_depth': 10, 'bootstrap': True}",0.6408268733850129,0.6511627906976745,0.582901554404145,0.6217616580310881,0.6062176165803109,0.6205740986196463,0.024382708751537238,66,0.6757281553398058,0.6744336569579288,0.6811125485122898,0.6869340232858991,0.684993531694696,0.6806403831581239,0.004928208206322538
80,2.499131917953491,0.01168633698930097,0.16435890197753905,0.0003968076672824257,1899,28,2,10,True,"{'n_estimators': 1899, 'min_samples_split': 28, 'min_samples_leaf': 2, 'max_depth': 10, 'bootstrap': True}",0.6563307493540051,0.6382428940568475,0.5958549222797928,0.6269430051813472,0.6269430051813472,0.628862915210668,0.019694494774158272,1,0.7184466019417476,0.7203883495145631,0.7283311772315654,0.7283311772315654,0.7380336351875808,0.7267061882214044,0.006953101247279291
81,1.656752872467041,0.011845000384825876,0.10871129035949707,0.001257098185431894,1406,18,16,5,False,"{'n_estimators': 1406, 'min_samples_split': 18, 'min_samples_leaf': 16, 'max_depth': 5, 'bootstrap': False}",0.6356589147286822,0.6330749354005168,0.5880829015544041,0.6373056994818653,0.5932642487046632,0.6174773399740263,0.021987838835334395,79,0.6634304207119741,0.6692556634304208,0.6759379042690815,0.6701164294954722,0.6804657179818887,0.6718412271777675,0.005857752763002977
82,2.3491719245910643,0.014971001095399674,0.14960174560546874,0.010627235401502186,1678,48,10,13,False,"{'n_estimators': 1678, 'min_samples_split': 48, 'min_samples_leaf': 10, 'max_depth': 13, 'bootstrap': False}",0.6511627906976745,0.6356589147286822,0.5880829015544041,0.6295336787564767,0.5958549222797928,0.620058641603406,0.024120036991229336,68,0.7119741100323624,0.7100323624595469,0.720569210866753,0.7166882276843467,0.723156532988357,0.7164840888062731,0.004964193543522479
83,1.9603349685668945,0.005303407983097945,0.13555760383605958,0.0006505161063356641,1587,25,12,15,True,"{'n_estimators': 1587, 'min_samples_split': 25, 'min_samples_leaf': 12, 'max_depth': 15, 'bootstrap': True}",0.6382428940568475,0.6537467700258398,0.5932642487046632,0.6269430051813472,0.6139896373056994,0.6252373110548795,0.020657350814225078,19,0.7067961165048544,0.7055016181229773,0.7102199223803364,0.7095730918499353,0.720569210866753,0.7105319919449713,0.0053108203995668015
84,0.9935235500335693,0.00855387456759641,0.06931438446044921,0.0006248482126596467,843,13,18,11,True,"{'n_estimators': 843, 'min_samples_split': 13, 'min_samples_leaf': 18, 'max_depth': 11, 'bootstrap': True}",0.6408268733850129,0.648578811369509,0.582901554404145,0.6243523316062176,0.6036269430051814,0.6200573027540132,0.024140443855306046,69,0.6763754045307443,0.6822006472491909,0.6824062095730918,0.6895213454075032,0.7005174644243208,0.6862042142369702,0.008281683143200939
85,1.7397881031036377,0.006794234511989125,0.1306534767150879,0.0010911084046234475,1849,6,18,3,False,"{'n_estimators': 1849, 'min_samples_split': 6, 'min_samples_leaf': 18, 'max_depth': 3, 'bootstrap': False}",0.6098191214470284,0.6020671834625323,0.5647668393782384,0.6036269430051814,0.5673575129533679,0.5895275200492696,0.01935141594518733,97,0.6116504854368932,0.6245954692556634,0.6183699870633894,0.6060802069857697,0.6254851228978008,0.6172362543279033,0.007471886419849087
86,2.79331693649292,0.01615810754215678,0.166549015045166,0.0020733955422507656,1889,43,4,12,False,"{'n_estimators': 1889, 'min_samples_split': 43, 'min_samples_leaf': 4, 'max_depth': 12, 'bootstrap': False}",0.648578811369509,0.648578811369509,0.5958549222797928,0.6295336787564767,0.5984455958549223,0.6241983639260419,0.02316822723950363,38,0.7313915857605178,0.7320388349514563,0.7438551099611902,0.741267787839586,0.7457956015523933,0.7388697840130287,0.006019238488975517
87,1.9204537391662597,0.009977164003716042,0.10233807563781738,0.0007894788074021305,974,3,2,15,False,"{'n_estimators': 974, 'min_samples_split': 3, 'min_samples_leaf': 2, 'max_depth': 15, 'bootstrap': False}",0.6253229974160207,0.6175710594315246,0.5621761658031088,0.6217616580310881,0.5803108808290155,0.6014285523021515,0.025423084496666463,88,0.996116504854369,0.998705501618123,0.9967658473479948,0.9967658473479948,0.9909443725743855,0.9958596147485734,0.002606422271242858
88,1.105236005783081,0.02093877750768522,0.07581291198730469,0.0006305246898327248,1034,8,18,4,False,"{'n_estimators': 1034, 'min_samples_split': 8, 'min_samples_leaf': 18, 'max_depth': 4, 'bootstrap': False}",0.6201550387596899,0.6072351421188631,0.5751295336787565,0.6191709844559585,0.5803108808290155,0.6004003159684567,0.019138964226350818,89,0.6245954692556634,0.6401294498381876,0.6468305304010349,0.6468305304010349,0.6455368693402329,0.6407845698472308,0.008464133608322037
89,0.781923484802246,0.005547473276296902,0.046487951278686525,0.0004943682131012549,512,8,8,10,False,"{'n_estimators': 512, 'min_samples_split': 8, 'min_samples_leaf': 8, 'max_depth': 10, 'bootstrap': False}",0.6511627906976745,0.6175710594315246,0.6010362694300518,0.6243523316062176,0.6062176165803109,0.6200680135491559,0.017581331618539565,67,0.7708737864077669,0.7825242718446602,0.7839586028460543,0.7807244501940491,0.777490297542044,0.779114281766915,0.004652552201504563
90,0.21461615562438965,0.0014613606425883823,0.014171981811523437,0.00039716876114437825,160,25,2,14,True,"{'n_estimators': 160, 'min_samples_split': 25, 'min_samples_leaf': 2, 'max_depth': 14, 'bootstrap': True}",0.6511627906976745,0.6434108527131783,0.5906735751295337,0.6321243523316062,0.6191709844559585,0.6273085110655903,0.02125954966955892,4,0.7359223300970874,0.7339805825242719,0.7373868046571799,0.740620957309185,0.7457956015523933,0.7387412552280235,0.004141061743393841
91,1.0140719413757324,0.009584506237356257,0.07043318748474121,0.00048742187020712357,884,42,18,7,True,"{'n_estimators': 884, 'min_samples_split': 42, 'min_samples_leaf': 18, 'max_depth': 7, 'bootstrap': True}",0.6356589147286822,0.6459948320413437,0.5906735751295337,0.6269430051813472,0.6088082901554405,0.6216157234472693,0.019704715059719373,53,0.6731391585760518,0.6711974110032363,0.6733505821474773,0.6817593790426908,0.6882276843467011,0.6775348430232314,0.006468024205152823
92,1.456101131439209,0.08943858853287352,0.1057246208190918,0.005160450097712527,1467,33,20,3,True,"{'n_estimators': 1467, 'min_samples_split': 33, 'min_samples_leaf': 20, 'max_depth': 3, 'bootstrap': True}",0.6046511627906976,0.6149870801033591,0.5621761658031088,0.616580310880829,0.5803108808290155,0.5957411200814019,0.02120738621571724,90,0.6168284789644013,0.6168284789644013,0.6241914618369987,0.6119016817593791,0.6203104786545925,0.6180121160359546,0.004089160934428799
93,1.0074256896972655,0.17013802491928837,0.07141680717468261,0.02131557125036313,642,14,12,15,True,"{'n_estimators': 642, 'min_samples_split': 14, 'min_samples_leaf': 12, 'max_depth': 15, 'bootstrap': True}",0.6382428940568475,0.6537467700258398,0.5932642487046632,0.6269430051813472,0.6139896373056994,0.6252373110548795,0.020657350814225078,19,0.7048543689320388,0.7067961165048544,0.7102199223803364,0.7089262613195343,0.7218628719275549,0.7105319082128638,0.005954103925534832
94,2.3849188804626467,0.11062833963878531,0.15564432144165039,0.02147892039346519,1587,15,14,15,False,"{'n_estimators': 1587, 'min_samples_split': 15, 'min_samples_leaf': 14, 'max_depth': 15, 'bootstrap': False}",0.6563307493540051,0.6356589147286822,0.5984455958549223,0.6347150259067358,0.5958549222797928,0.6242010416248276,0.02341362982980687,35,0.7268608414239482,0.7275080906148867,0.7464424320827943,0.7347994825355757,0.7399741267787839,0.7351169946871978,0.007456776330439533
95,0.5485130786895752,0.02890232936328087,0.03869156837463379,0.002476424280583851,441,37,12,13,True,"{'n_estimators': 441, 'min_samples_split': 37, 'min_samples_leaf': 12, 'max_depth': 13, 'bootstrap': True}",0.6434108527131783,0.6511627906976745,0.5880829015544041,0.6321243523316062,0.6010362694300518,0.6231634333453829,0.024472331993286463,42,0.6919093851132686,0.6925566343042071,0.6895213454075032,0.6959896507115135,0.703751617076326,0.6947457265225637,0.004955492456258059
96,0.19686369895935057,0.006589625920890368,0.01356649398803711,0.0004908616690274921,160,12,14,12,True,"{'n_estimators': 160, 'min_samples_split': 12, 'min_samples_leaf': 14, 'max_depth': 12, 'bootstrap': True}",0.6304909560723514,0.627906976744186,0.6036269430051814,0.6243523316062176,0.6062176165803109,0.6185189648016494,0.011301212260149084,75,0.6944983818770226,0.6977346278317152,0.6998706338939198,0.702457956015524,0.7063389391979301,0.7001801077632224,0.004036779719498086
97,1.1571043014526368,0.01826602567489037,0.08059887886047364,0.0004012273270914673,1024,50,20,9,True,"{'n_estimators': 1024, 'min_samples_split': 50, 'min_samples_leaf': 20, 'max_depth': 9, 'bootstrap': True}",0.6356589147286822,0.6511627906976745,0.5906735751295337,0.6217616580310881,0.5932642487046632,0.6185042374583283,0.02359270072996973,76,0.6673139158576051,0.6718446601941748,0.6701164294954722,0.6817593790426908,0.6772315653298836,0.6736531899839654,0.005186153148042232
98,0.24293899536132812,0.008655486764959548,0.014165401458740234,0.0009763624663486767,160,44,4,14,False,"{'n_estimators': 160, 'min_samples_split': 44, 'min_samples_leaf': 4, 'max_depth': 14, 'bootstrap': False}",0.6434108527131783,0.6356589147286822,0.5854922279792746,0.6243523316062176,0.6010362694300518,0.6179901192914808,0.021644508450414438,78,0.7346278317152104,0.7352750809061489,0.7373868046571799,0.7328589909443726,0.741267787839586,0.7362832992124996,0.0028825618828742495
99,0.21164388656616212,0.005541701976094691,0.01297168731689453,3.883808649882743e-06,150,30,14,10,False,"{'n_estimators': 150, 'min_samples_split': 30, 'min_samples_leaf': 14, 'max_depth': 10, 'bootstrap': False}",0.648578811369509,0.6459948320413437,0.6113989637305699,0.6321243523316062,0.5906735751295337,0.6257541069205125,0.02194514962327794,15,0.7236245954692556,0.7268608414239482,0.7347994825355757,0.7283311772315654,0.7373868046571799,0.730200580263505,0.00511241278401447
